{
  "run_suffix": "1776638199144",
  "events": 300,
  "successes": 300,
  "failures": 0,
  "failure_rate": 0.0,
  "throughput_events_per_sec": 16.41141379536025,
  "latency_ms_p50": 57.94164550025016,
  "latency_ms_p90": 81.05337884626351,
  "latency_ms_mean": 60.93320249366419
}